DATE,TMAX,TMAX_PRED,TMIN,TMIN_PRED
20130101,34.0,40.8,26.0,24.8
20130102,29.5,40.0,15.0,23.7
20130103,34.5,38.6,12.0,22.9
20130104,36.5,38.1,23.0,22.0
20130105,41.0,38.7,19.0,22.1
20130106,40.0,39.3,28.0,22.3
20130107,39.5,38.9,19.0,21.5
20130108,50.0,38.3,20.0,22.1
20130109,53.5,37.8,26.5,21.4
20130110,45.0,36.6,24.0,21.0
20130111,62.0,36.4,41.0,20.6
20130112,65.5,37.4,43.0,21.1
20130113,67.0,38.4,36.0,21.7
20130114,35.0,38.3,24.0,21.3
20130115,32.0,38.1,22.0,22.3
20130116,36.0,38.0,26.0,21.9
20130117,44.0,37.1,28.0,21.8
20130118,42.0,37.2,19.0,21.6
20130119,54.0,38.5,34.0,22.3
20130120,48.0,39.6,28.0,22.9
20130121,28.0,39.7,13.5,22.6
20130122,20.0,39.6,7.0,23.6
20130123,22.0,39.4,10.0,23.1
20130124,24.0,38.6,14.0,22.9
20130125,26.0,38.6,18.0,22.5
20130126,32.5,39.7,18.0,22.9
20130127,37.5,40.6,17.0,23.3
20130128,52.0,40.5,34.0,22.7
20130129,64.0,40.1,47.0,23.4
20130130,68.0,39.6,34.0,22.6
20130131,34.0,38.4,19.0,21.9
20130201,19.0,38.1,7.0,21.2
20130202,30.5,38.9,11.5,21.4
20130203,29.0,39.5,16.0,21.5
20130204,35.0,39.1,13.0,20.6
20130205,37.0,38.5,22.5,21.0
20130206,37.0,37.8,26.5,20.0
20130207,59.0,36.4,29.0,19.3
20130208,53.5,36.0,31.5,18.6
20130209,41.0,36.7,21.0,18.7
20130210,56.0,37.4,25.0,18.9
20130211,53.0,37.0,33.0,18.2
20130212,50.0,36.5,28.0,18.8
20130213,37.0,36.0,23.0,18.2
20130214,53.0,35.0,27.0,17.8
20130215,43.0,34.9,26.0,17.5
20130216,31.5,36.0,17.5,18.1
20130217,31.5,37.1,13.0,18.8
20130218,59.0,37.2,18.5,18.6
20130219,47.0,37.2,25.0,19.8
20130220,30.5,37.3,19.0,19.6
20130221,32.0,36.8,20.0,19.8
20130222,43.0,37.2,27.0,20.0
20130223,44.0,38.9,30.0,21.1
20130224,43.0,40.5,25.0,22.3
20130225,45.5,41.1,20.5,22.5
20130226,47.0,41.5,34.0,24.1
20130227,43.0,42.0,34.0,24.4
20130228,38.0,41.8,33.0,24.8
20130301,37.0,42.5,31.0,25.2
20130302,30.5,44.4,26.5,26.5
20130303,32.0,46.1,21.0,27.8
20130304,42.0,46.8,16.0,28.0
20130305,40.0,47.3,30.0,29.5
20130306,34.0,47.7,29.0,29.7
20130307,37.5,47.4,29.0,30.0
20130308,44.0,47.9,24.5,30.2
20130309,57.0,49.5,25.0,31.2
20130310,68.0,51.0,43.0,32.1
20130311,55.0,51.4,38.0,32.1
20130312,46.0,51.6,33.0,33.2
20130313,36.0,51.6,26.0,33.0
20130314,44.0,51.0,21.0,32.9
20130315,53.0,51.2,26.0,32.8
20130316,59.0,52.5,37.0,33.4
20130317,38.0,53.7,34.0,34.1
20130318,50.0,53.8,34.0,33.7
20130319,46.0,53.7,29.0,34.6
20130320,40.0,53.6,24.0,34.1
20130321,34.0,52.8,20.0,33.9
20130322,45.0,52.9,18.0,33.6
20130323,52.0,54.2,28.0,34.1
20130324,40.0,55.4,32.0,34.7
20130325,35.0,55.5,30.0,34.3
20130326,41.5,55.5,31.5,35.3
20130327,45.0,55.5,28.0,34.9
20130328,50.5,54.9,24.5,34.7
20130329,56.0,55.2,25.0,34.6
20130330,60.5,56.7,29.0,35.3
20130331,59.5,58.1,41.0,36.0
20130401,49.0,58.6,34.0,35.9
20130402,47.5,58.8,23.0,37.1
20130403,49.0,59.1,23.0,36.9
20130404,55.0,58.7,30.0,37.0
20130405,62.0,59.3,29.0,37.1
20130406,68.0,61.0,34.0,38.0
20130407,73.5,62.6,54.5,39.0
20130408,73.0,63.2,52.0,39.0
20130409,80.5,63.6,48.0,40.3
20130410,83.0,63.9,60.0,40.3
20130411,71.0,63.5,58.0,40.5
20130412,59.0,64.1,40.0,40.6
20130413,59.0,65.7,37.0,41.6
20130414,70.5,67.2,35.5,42.6
20130415,69.0,67.6,51.0,42.6
20130416,80.0,67.8,55.0,44.0
20130417,79.0,68.0,57.0,43.9
20130418,81.0,67.4,60.0,44.0
20130419,76.0,67.6,40.0,44.0
20130420,51.0,69.0,35.5,44.9
20130421,56.0,70.2,32.5,45.8
20130422,69.0,70.3,33.0,45.7
20130423,71.0,70.2,40.0,46.8
20130424,67.0,70.0,36.0,46.6
20130425,60.0,69.1,32.0,46.6
20130426,62.0,69.1,31.0,46.5
20130427,64.0,70.2,38.0,47.2
20130428,67.5,71.2,51.5,48.0
20130429,65.0,71.1,50.0,47.7
20130430,77.0,70.9,46.0,48.8
20130501,83.0,70.6,49.0,48.5
20130502,76.0,69.6,58.0,48.4
20130503,77.0,69.5,58.0,48.3
20130504,73.5,70.6,57.0,49.0
20130505,60.0,71.6,53.0,49.7
20130506,63.0,71.6,53.0,49.5
20130507,72.0,71.4,56.0,50.6
20130508,77.5,71.2,52.0,50.3
20130509,80.5,70.3,53.0,50.2
20130510,70.0,70.4,57.0,50.1
20130511,61.5,71.6,44.5,50.8
20130512,58.0,72.8,37.5,51.6
20130513,62.0,72.9,37.0,51.4
20130514,80.0,72.9,41.0,52.6
20130515,86.0,72.8,60.0,52.3
20130516,78.0,72.2,62.0,52.3
20130517,80.0,72.4,58.0,52.3
20130518,79.0,73.8,63.0,53.1
20130519,83.0,75.1,61.5,53.9
20130520,84.5,75.4,63.5,53.8
20130521,86.0,75.5,64.5,54.9
20130522,80.0,75.6,62.0,54.8
20130523,71.0,75.0,53.0,54.8
20130524,66.5,75.4,46.5,54.8
20130525,66.0,76.8,43.0,55.6
20130526,71.0,78.2,51.0,56.5
20130527,83.0,78.5,55.0,56.4
20130528,82.5,78.7,63.0,57.6
20130529,85.0,78.8,66.5,57.4
20130530,87.5,78.2,67.0,57.4
20130531,84.5,78.5,69.0,57.4
20130601,81.0,79.9,66.5,58.2
20130602,79.0,81.2,64.5,59.1
20130603,72.0,81.5,52.0,58.9
20130604,76.0,81.5,50.0,60.1
20130605,82.0,81.5,52.0,59.9
20130606,76.0,80.8,57.0,59.9
20130607,76.0,81.0,60.0,59.8
20130608,75.0,82.3,57.0,60.6
20130609,81.0,83.4,60.0,61.3
20130610,79.0,83.5,64.0,61.1
20130611,85.0,83.4,63.0,62.2
20130612,90.0,83.2,66.0,61.9
20130613,83.0,82.3,64.0,61.8
20130614,81.0,82.3,56.0,61.6
20130615,83.0,83.4,56.0,62.2
20130616,78.0,84.3,64.0,62.9
20130617,87.0,84.2,63.0,62.5
20130618,86.0,83.9,66.0,63.5
20130619,83.0,83.5,56.0,63.0
20130620,85.0,82.4,56.0,62.8
20130621,87.0,82.2,58.0,62.5
20130622,88.0,83.1,65.0,63.0
20130623,88.0,83.9,64.0,63.6
20130624,86.0,83.7,63.0,63.1
20130625,90.0,83.2,66.5,64.0
20130626,87.0,82.8,67.0,63.4
20130627,86.0,81.6,67.0,63.1
20130628,86.0,81.4,65.0,62.8
20130629,77.5,82.3,61.0,63.3
20130630,78.5,83.1,64.0,63.8
20130701,79.0,82.9,63.0,63.3
20130702,81.0,82.5,65.0,64.1
20130703,81.0,82.1,66.0,63.6
20130704,72.5,81.1,67.0,63.3
20130705,77.5,81.0,66.0,62.9
20130706,76.5,82.0,67.0,63.4
20130707,82.5,83.0,65.0,63.9
20130708,87.0,83.0,66.0,63.5
20130709,89.0,82.8,74.0,64.4
20130710,90.0,82.5,70.0,63.8
20130711,83.0,81.7,66.0,63.6
20130712,81.5,81.7,58.5,63.2
20130713,84.0,82.9,65.5,63.7
20130714,89.5,84.0,66.5,64.2
20130715,91.0,84.0,70.0,63.7
20130716,93.0,83.9,71.0,64.6
20130717,93.0,83.7,73.0,64.0
20130718,93.5,82.9,72.5,63.7
20130719,91.0,82.9,74.0,63.3
20130720,90.0,84.1,71.0,63.7
20130721,88.0,85.1,68.0,64.1
20130722,82.0,85.0,69.0,63.6
20130723,88.0,84.8,68.0,64.3
20130724,79.0,84.5,59.0,63.6
20130725,78.0,83.4,55.0,63.2
20130726,80.0,83.3,56.0,62.7
20130727,77.0,84.2,62.0,63.0
20130728,74.5,85.1,53.5,63.3
20130729,79.0,84.8,54.0,62.7
20130730,80.0,84.4,56.0,63.4
20130731,77.5,83.9,65.0,62.7
20130801,82.0,82.7,64.0,62.2
20130802,84.0,82.4,57.0,61.7
20130803,82.0,83.2,65.0,62.0
20130804,79.5,83.9,58.5,62.4
20130805,80.0,83.6,54.0,61.8
20130806,82.0,83.1,58.0,62.5
20130807,84.0,82.6,67.0,61.9
20130808,85.0,81.4,70.0,61.6
20130809,83.0,81.2,69.0,61.2
20130810,85.0,82.2,68.0,61.7
20130811,87.0,83.0,67.5,62.2
20130812,86.0,82.9,63.0,61.8
20130813,81.0,82.6,60.0,62.7
20130814,72.0,82.3,51.0,62.2
20130815,75.0,81.4,49.5,62.0
20130816,79.0,81.4,52.0,61.7
20130817,83.0,82.5,54.5,62.3
20130818,83.5,83.6,58.0,62.9
20130819,85.0,83.7,61.0,62.6
20130820,87.0,83.6,60.5,63.5
20130821,87.0,83.5,64.0,63.0
20130822,88.0,82.7,66.5,62.8
20130823,86.0,82.8,65.0,62.5
20130824,87.0,84.0,59.0,63.0
20130825,87.0,85.1,59.5,63.4
20130826,89.0,85.2,61.0,62.9
20130827,90.0,85.0,69.0,63.6
20130828,95.0,84.8,74.0,62.9
20130829,87.0,83.8,69.0,62.4
20130830,89.0,83.7,66.0,61.8
20130831,91.0,84.7,69.0,62.0
20130901,86.0,85.5,68.0,62.2
20130902,86.0,85.2,69.0,61.3
20130903,76.0,84.7,58.0,61.7
20130904,80.0,84.1,54.0,60.7
20130905,85.0,82.8,57.0,59.9
20130906,82.0,82.3,52.5,59.0
20130907,85.5,82.9,55.0,58.9
20130908,88.5,83.4,63.0,58.8
20130909,90.0,82.8,66.5,57.8
20130910,92.0,82.0,72.0,58.0
20130911,92.0,81.1,69.0,56.8
20130912,82.0,79.5,67.0,55.9
20130913,67.0,78.8,53.5,54.9
20130914,71.0,79.3,43.0,54.8
20130915,78.0,79.6,44.0,54.7
20130916,73.5,78.9,54.5,53.6
20130917,77.0,78.0,50.0,53.9
20130918,77.5,77.2,54.5,52.8
20130919,81.0,75.6,61.5,52.0
20130920,86.0,75.0,64.0,51.2
20130921,75.0,75.6,55.5,51.3
20130922,69.5,76.1,47.0,51.4
20130923,70.0,75.5,45.0,50.5
20130924,75.0,74.8,44.0,51.0
20130925,74.5,74.2,47.5,50.1
20130926,78.0,72.8,47.0,49.5
20130927,80.0,72.4,48.0,48.9
20130928,80.0,73.1,50.0,49.1
20130929,69.0,73.8,53.0,49.4
20130930,73.0,73.4,57.5,48.6
20131001,77.5,72.8,55.5,49.2
20131002,79.0,72.2,56.5,48.5
20131003,79.5,71.0,63.0,47.9
20131004,82.5,70.6,61.5,47.3
20131005,81.0,71.3,64.0,47.5
20131006,74.0,71.9,52.0,47.7
20131007,62.0,71.5,45.0,47.0
20131008,68.0,70.8,41.0,47.5
20131009,73.0,70.1,43.0,46.6
20131010,74.0,68.7,41.0,45.9
20131011,78.0,68.2,44.0,45.2
20131012,78.5,68.7,48.0,45.3
20131013,75.5,69.2,51.0,45.3
20131014,72.0,68.6,44.0,44.4
20131015,74.0,67.7,48.0,44.8
20131016,70.0,66.9,47.5,43.8
20131017,56.5,65.3,42.0,43.0
20131018,64.0,64.6,39.5,42.2
20131019,51.5,65.1,36.5,42.2
20131020,61.0,65.5,36.0,42.2
20131021,66.0,64.8,36.0,41.2
20131022,55.0,63.9,33.0,41.6
20131023,48.0,63.1,35.0,40.5
20131024,45.0,61.5,35.0,39.7
20131025,49.0,60.9,28.5,38.9
20131026,54.0,61.5,28.0,38.8
20131027,58.0,61.9,31.0,38.9
20131028,62.0,61.4,30.0,37.9
20131029,57.5,60.7,31.0,38.3
20131030,63.0,59.9,49.0,37.3
20131031,65.0,58.5,55.0,36.5
20131101,64.5,58.0,49.0,35.7
20131102,58.0,58.7,42.0,35.7
20131103,56.0,59.2,36.0,35.7
20131104,58.0,58.8,34.0,34.8
20131105,61.5,58.1,43.5,35.1
20131106,65.5,57.4,44.5,34.1
20131107,50.0,55.9,37.0,33.3
20131108,51.0,55.4,29.0,32.4
20131109,61.0,56.0,32.0,32.4
20131110,52.0,56.4,29.0,32.4
20131111,56.0,55.8,26.0,31.4
20131112,37.5,55.0,24.5,31.8
20131113,40.0,54.1,20.0,30.7
20131114,53.5,52.5,23.0,29.9
20131115,54.0,51.7,30.0,29.0
20131116,61.0,52.1,45.0,29.0
20131117,65.0,52.3,49.0,29.1
20131118,54.0,51.5,34.0,28.1
20131119,42.0,50.5,27.0,28.5
20131120,50.0,49.4,27.0,27.6
20131121,55.0,47.7,35.5,26.9
20131122,55.0,46.9,38.5,26.2
20131123,40.0,47.2,23.0,26.4
20131124,29.0,47.4,15.0,26.7
20131125,38.5,46.6,15.5,26.0
20131126,36.0,45.7,31.0,26.7
20131127,34.0,44.8,21.5,26.0
20131128,34.0,43.2,17.0,25.7
20131129,41.0,42.7,17.0,25.3
20131130,51.0,43.3,20.0,25.8
20131201,53.0,43.8,27.0,26.4
20131202,52.0,43.4,34.5,26.0
20131203,52.0,42.9,30.0,27.0
20131204,63.0,42.4,37.0,26.6
20131205,65.0,41.3,34.0,26.5
20131206,34.0,41.1,27.0,26.4
20131207,27.0,42.2,16.0,27.1
20131208,32.0,43.1,19.0,27.8
20131209,33.0,43.1,20.0,27.5
20131210,29.0,42.9,16.0,28.5
20131211,34.5,42.7,9.0,28.1
20131212,26.0,41.9,7.0,27.9
20131213,37.0,42.0,10.0,27.6
20131214,38.5,43.1,30.0,28.1
20131215,33.0,44.2,27.5,28.6
20131216,31.0,44.2,25.0,28.0
20131217,34.0,44.0,28.0,28.7
20131218,38.0,43.7,24.0,27.9
20131219,53.5,42.7,28.0,27.3
20131220,60.0,42.6,49.0,26.6
20131221,67.5,43.5,57.5,26.7
20131222,62.5,44.3,40.0,26.7
20131223,39.0,44.0,26.0,25.7
20131224,27.0,43.5,14.0,26.0
20131225,33.0,42.8,17.0,24.8
20131226,40.0,41.5,25.5,23.9
20131227,48.0,41.0,26.0,22.9
20131228,53.0,41.6,30.0,22.7
20131229,46.0,42.1,33.0,22.5
20131230,32.5,41.5,21.5,21.4
20131231,33.5,40.7,22.5,21.6
20140101,47.5,39.9,21.5,20.4
20140102,36.0,38.4,11.0,19.5
20140103,18.0,37.9,1.0,18.6
20140104,38.0,38.5,4.0,18.6
20140105,42.5,39.0,23.0,18.7
20140106,25.5,38.5,-6.5,17.9
20140107,10.0,37.9,-7.0,18.4
20140108,25.0,37.3,2.0,17.6
20140109,35.5,36.1,15.0,17.1
20140110,50.0,35.9,24.0,16.7
20140111,52.5,36.8,35.0,17.1
20140112,46.0,37.7,33.0,17.6
20140113,50.0,37.6,31.5,17.2
20140114,51.0,37.3,29.5,18.1
20140115,40.0,37.1,20.5,17.7
20140116,30.5,36.2,17.0,17.6
20140117,32.0,36.3,13.0,17.4
20140118,28.5,37.5,12.0,18.1
20140119,33.5,38.6,19.5,18.8
20140120,42.0,38.7,31.0,18.5
20140121,32.5,38.6,-1.0,19.5
20140122,16.0,38.5,-6.5,19.1
20140123,17.0,37.7,-2.5,18.9
20140124,16.5,37.8,-5.5,18.6
20140125,34.0,38.9,10.0,19.1
20140126,44.0,39.9,9.0,19.6
20140127,42.0,39.8,1.0,19.0
20140128,11.0,39.5,-9.0,19.7
20140129,12.0,39.1,-7.0,19.0
20140130,25.0,38.0,3.0,18.5
20140131,38.0,37.7,20.0,17.8
20140201,56.0,38.5,33.0,18.0
20140202,48.0,39.2,28.0,18.1
20140203,33.5,38.8,21.0,17.3
20140204,32.5,38.2,20.0,17.7
20140205,31.5,37.5,23.0,16.8
20140206,25.0,36.2,11.5,16.0
20140207,22.5,35.8,0.0,15.3
20140208,26.0,36.4,10.0,15.4
20140209,28.0,37.0,18.0,15.5
20140210,22.5,36.6,3.5,14.8
20140211,21.5,36.1,-1.5,15.4
20140212,28.0,35.6,-1.5,14.6
20140213,40.5,34.4,5.0,14.2
20140214,37.5,34.2,17.0,13.8
20140215,29.0,35.2,15.0,14.3
20140216,30.0,36.2,17.0,14.9
20140217,38.0,36.3,9.0,14.6
20140218,46.0,36.2,22.0,15.7
20140219,51.0,36.2,33.0,15.5
20140220,59.5,35.5,30.5,15.6
20140221,51.5,35.9,32.0,15.7
20140222,60.0,37.5,32.0,16.7
20140223,40.0,39.0,25.0,17.9
20140224,36.0,39.5,19.0,18.1
20140225,33.5,39.9,21.5,19.6
20140226,26.5,40.4,11.5,19.8
20140227,26.0,40.1,11.5,20.3
20140228,38.0,40.9,10.0,20.7
20140301,53.0,42.7,24.0,22.0
20140302,40.0,44.5,17.0,23.3
20140303,20.5,45.2,9.5,23.6
20140304,34.0,45.7,7.5,25.1
20140305,38.0,46.1,14.5,25.3
20140306,46.0,45.9,21.0,25.7
20140307,59.5,46.5,21.0,26.0
20140308,58.0,48.2,27.0,27.0
20140309,49.0,49.7,30.0,28.1
20140310,62.5,50.2,31.5,28.1
20140311,74.0,50.4,42.5,29.4
20140312,61.0,50.5,23.0,29.2
20140313,38.0,49.9,17.0,29.2
20140314,63.0,50.2,30.0,29.1
20140315,60.0,51.6,37.0,29.8
20140316,42.0,52.8,27.0,30.5
20140317,39.5,52.9,23.0,30.2
20140318,56.0,52.9,24.0,31.2
20140319,55.0,52.7,34.5,30.7
20140320,54.5,51.9,34.0,30.5
20140321,69.0,52.1,33.0,30.2
20140322,58.0,53.3,38.0,30.8
20140323,40.0,54.5,26.0,31.3
20140324,40.5,54.6,20.5,31.0
20140325,39.0,54.6,22.5,31.9
20140326,41.0,54.5,17.0,31.5
20140327,58.5,53.8,27.5,31.3
20140328,59.5,54.1,38.5,31.1
20140329,45.0,55.6,36.0,31.8
20140330,55.0,56.9,29.0,32.6
20140331,66.0,57.3,28.0,32.4
20140401,76.0,57.5,45.0,33.5
20140402,61.0,57.8,45.5,33.3
20140403,63.5,57.4,51.5,33.4
20140404,63.5,57.9,42.0,33.5
20140405,53.0,59.6,36.0,34.4
20140406,59.0,61.2,30.0,35.3
20140407,57.0,61.8,43.0,35.4
20140408,60.0,62.1,43.0,36.7
20140409,62.0,62.5,40.0,36.7
20140410,74.0,62.2,37.5,36.9
20140411,74.0,62.7,45.0,37.1
20140412,78.0,64.4,40.0,38.1
20140413,81.0,65.9,62.0,39.1
20140414,73.0,66.4,38.0,39.1
20140415,41.5,66.7,28.5,40.5
20140416,50.5,66.8,24.0,40.4
20140417,67.0,66.3,30.0,40.6
20140418,70.5,66.6,38.5,40.7
20140419,69.0,68.0,42.0,41.6
20140420,76.0,69.3,41.0,42.5
20140421,77.0,69.5,43.0,42.4
20140422,69.5,69.4,44.5,43.6
20140423,61.5,69.3,37.5,43.4
20140424,66.0,68.4,45.0,43.4
20140425,66.0,68.5,47.5,43.4
20140426,80.0,69.6,46.0,44.2
20140427,76.0,70.6,47.0,45.0
20140428,70.5,70.5,49.5,44.8
20140429,76.5,70.3,54.0,45.9
20140430,72.5,70.0,52.5,45.6
20140501,61.5,69.0,45.0,45.5
20140502,59.0,69.0,44.0,45.4
20140503,68.0,70.0,45.0,46.1
20140504,74.0,71.0,48.0,46.8
20140505,71.0,71.0,47.0,46.6
20140506,75.0,70.7,48.0,47.7
20140507,83.0,70.5,49.0,47.4
20140508,85.0,69.6,58.0,47.4
20140509,76.5,69.7,62.5,47.3
20140510,72.0,70.8,58.0,48.0
20140511,83.0,72.0,55.0,48.8
20140512,85.0,72.1,62.5,48.6
20140513,87.0,72.0,63.0,49.8
20140514,76.0,72.0,60.0,49.5
20140515,66.5,71.3,42.0,49.5
20140516,56.5,71.5,39.0,49.5
20140517,58.0,72.9,40.0,50.3
20140518,65.0,74.1,37.0,51.2
20140519,70.5,74.4,39.5,51.0
20140520,78.5,74.5,51.0,52.2
20140521,82.5,74.6,59.0,52.0
20140522,81.0,74.0,62.0,52.1
20140523,76.0,74.3,52.0,52.1
20140524,78.0,75.8,49.0,52.9
20140525,81.0,77.2,54.0,53.8
20140526,86.0,77.5,55.0,53.7
20140527,87.0,77.6,65.0,54.9
20140528,86.0,77.7,65.5,54.8
20140529,85.5,77.2,65.5,54.8
20140530,84.5,77.5,60.0,54.8
20140531,84.0,78.9,57.0,55.7
20140601,88.0,80.3,57.0,56.6
20140602,82.0,80.5,68.5,56.4
20140603,85.0,80.6,68.0,57.6
20140604,82.0,80.6,63.0,57.4
20140605,78.0,80.0,57.0,57.5
20140606,80.0,80.2,53.0,57.4
20140607,81.0,81.5,54.0,58.2
20140608,75.0,82.7,59.0,59.0
20140609,73.5,82.8,56.5,58.8
20140610,77.5,82.7,59.5,60.0
20140611,77.0,82.6,63.0,59.7
20140612,77.5,81.7,62.0,59.6
20140613,77.0,81.7,59.5,59.5
20140614,77.0,82.9,47.0,60.2
20140615,86.0,83.9,52.0,60.9
20140616,88.0,83.8,66.0,60.5
20140617,89.5,83.5,68.0,61.5
20140618,91.0,83.1,69.0,61.1
20140619,90.0,82.1,69.5,60.9
20140620,88.0,81.9,68.0,60.7
20140621,85.0,82.8,67.0,61.2
20140622,87.0,83.7,65.5,61.8
20140623,90.0,83.4,67.0,61.4
20140624,88.0,83.0,69.0,62.3
20140625,86.5,82.5,67.5,61.8
20140626,86.5,81.4,65.0,61.5
20140627,88.0,81.2,65.0,61.1
20140628,86.0,82.0,69.0,61.6
20140629,84.0,82.8,70.0,62.2
20140630,86.5,82.6,67.0,61.7
20140701,89.0,82.2,69.0,62.6
20140702,86.0,81.8,66.0,62.0
20140703,75.0,80.7,57.5,61.7
20140704,79.0,80.6,50.0,61.4
20140705,82.0,81.6,53.0,61.9
20140706,83.0,82.6,58.0,62.5
20140707,86.5,82.5,68.0,62.0
20140708,84.0,82.3,69.0,62.9
20140709,84.0,82.0,62.0,62.4
20140710,84.0,81.1,60.5,62.1
20140711,86.0,81.1,58.5,61.8
20140712,86.0,82.3,61.0,62.3
20140713,91.0,83.4,72.0,62.9
20140714,84.0,83.4,66.5,62.4
20140715,75.5,83.3,57.0,63.3
20140716,75.0,83.1,52.5,62.7
20140717,77.0,82.3,52.5,62.4
20140718,76.5,82.4,53.5,62.1
20140719,75.0,83.5,63.0,62.5
20140720,82.0,84.6,62.0,63.0
20140721,87.0,84.6,61.5,62.5
20140722,91.0,84.3,65.0,63.2
20140723,87.0,84.1,68.0,62.6
20140724,78.0,83.1,58.0,62.2
20140725,79.0,83.0,53.0,61.7
20140726,85.0,84.0,63.0,62.1
20140727,83.0,84.8,67.0,62.4
20140728,76.5,84.6,56.0,61.8
20140729,74.0,84.2,50.5,62.5
20140730,80.0,83.7,55.5,61.8
20140731,83.0,82.5,58.5,61.4
20140801,85.0,82.3,59.5,60.8
20140802,83.0,83.1,60.0,61.2
20140803,86.0,83.8,58.5,61.6
20140804,88.0,83.5,59.0,61.0
20140805,86.0,83.0,59.0,61.7
20140806,83.5,82.5,63.0,61.1
20140807,82.0,81.3,61.0,60.7
20140808,78.0,81.1,63.0,60.3
20140809,81.5,82.0,64.5,60.8
20140810,85.0,82.8,70.0,61.3
20140811,85.0,82.6,69.0,60.9
20140812,77.5,82.3,64.0,61.8
20140813,80.5,81.9,59.0,61.3
20140814,82.5,81.0,58.0,61.1
20140815,80.5,80.9,51.5,60.8
20140816,79.0,82.1,50.0,61.4
20140817,80.0,83.1,67.0,62.0
20140818,84.5,83.2,67.5,61.7
20140819,88.5,83.0,65.5,62.7
20140820,87.5,82.9,64.5,62.2
20140821,84.0,82.1,66.5,62.0
20140822,87.0,82.2,70.0,61.8
20140823,91.0,83.5,69.0,62.3
20140824,90.0,84.6,71.0,62.8
20140825,90.0,84.7,68.5,62.4
20140826,91.0,84.5,69.0,63.2
20140827,92.0,84.4,68.5,62.6
20140828,85.5,83.4,67.0,62.1
20140829,89.0,83.4,66.0,61.6
20140830,88.0,84.5,67.0,61.9
20140831,83.0,85.4,70.0,62.1
20140901,87.0,85.2,69.0,61.3
20140902,80.5,84.7,64.5,61.8
20140903,85.0,84.2,64.0,60.9
20140904,88.5,82.9,63.5,60.1
20140905,90.5,82.5,67.0,59.3
20140906,82.0,83.2,61.0,59.3
20140907,77.0,83.7,55.0,59.2
20140908,82.0,83.2,51.5,58.2
20140909,84.0,82.4,55.0,58.4
20140910,83.0,81.5,60.5,57.3
20140911,77.0,80.0,57.5,56.4
20140912,66.0,79.3,56.0,55.4
20140913,67.0,79.8,47.0,55.3
20140914,71.0,80.1,44.0,55.2
20140915,71.0,79.4,45.5,54.1
20140916,62.5,78.5,49.5,54.4
20140917,68.0,77.6,46.5,53.3
20140918,73.5,76.1,46.5,52.5
20140919,76.5,75.4,47.5,51.6
20140920,82.0,76.0,51.0,51.7
20140921,78.0,76.4,55.0,51.7
20140922,67.0,75.9,44.0,50.9
20140923,73.0,75.1,40.5,51.4
20140924,78.5,74.4,43.5,50.5
20140925,80.5,73.0,45.0,49.9
20140926,82.0,72.6,48.5,49.2
20140927,82.0,73.3,51.0,49.4
20140928,83.0,74.0,52.0,49.7
20140929,84.0,73.6,52.5,49.0
20140930,79.5,73.0,48.0,49.6
20141001,76.0,72.4,43.5,48.8
20141002,86.5,71.1,50.5,48.3
20141003,75.5,70.8,46.0,47.7
20141004,52.0,71.5,42.0,47.9
20141005,62.0,72.2,40.0,48.2
20141006,63.0,71.8,40.5,47.5
20141007,62.0,71.1,44.5,48.0
20141008,70.0,70.5,45.5,47.2
20141009,59.0,69.1,43.0,46.6
20141010,57.0,68.6,50.0,45.9
20141011,61.0,69.2,42.0,46.0
20141012,65.0,69.7,42.0,46.1
20141013,77.5,69.1,58.0,45.3
20141014,73.5,68.3,51.5,45.7
20141015,61.0,67.4,52.0,44.7
20141016,62.5,65.9,51.5,44.0
20141017,72.0,65.2,50.0,43.1
20141018,58.0,65.7,47.0,43.2
20141019,58.0,66.1,41.0,43.2
20141020,64.5,65.4,42.0,42.2
20141021,56.5,64.5,45.0,42.6
20141022,55.0,63.7,42.5,41.6
20141023,61.0,62.1,37.0,40.8
20141024,66.5,61.5,38.0,39.9
20141025,74.0,62.0,40.0,39.9
20141026,71.0,62.5,39.0,40.0
20141027,80.5,61.9,40.5,39.0
20141028,72.5,61.1,49.0,39.4
20141029,60.0,60.4,41.0,38.4
20141030,55.5,59.0,35.5,37.7
20141031,48.0,58.5,36.5,36.8
20141101,42.0,59.1,25.0,36.9
20141102,49.0,59.7,22.0,36.9
20141103,64.0,59.2,26.0,36.0
20141104,67.0,58.5,41.0,36.4
20141105,58.0,57.8,45.0,35.4
20141106,54.0,56.4,42.0,34.6
20141107,47.5,56.0,33.5,33.8
20141108,57.0,56.6,31.0,33.8
20141109,54.0,57.0,31.0,33.8
20141110,64.0,56.5,32.0,32.9
20141111,67.0,55.7,38.0,33.2
20141112,39.5,54.8,32.0,32.2
20141113,33.0,53.2,24.0,31.4
20141114,35.0,52.6,18.0,30.5
20141115,37.0,53.0,14.0,30.5
20141116,39.0,53.2,30.0,30.5
20141117,34.0,52.5,15.0,29.6
20141118,22.0,51.5,12.0,30.0
20141119,41.0,50.4,11.0,29.0
20141120,33.0,48.7,17.0,28.3
20141121,34.0,47.9,12.0,27.6
20141122,61.0,48.2,19.0,27.8
20141123,60.0,48.4,43.0,28.0
20141124,62.0,47.6,38.5,27.3
20141125,44.5,46.6,31.0,27.9
20141126,40.0,45.7,25.0,27.2
20141127,35.0,44.1,26.0,26.8
20141128,35.0,43.4,25.0,26.4
20141129,58.0,44.0,32.0,26.9
20141130,67.0,44.5,56.0,27.4
20141201,58.5,44.0,30.5,27.0
20141202,38.0,43.4,30.0,28.0
20141203,41.0,42.8,26.5,27.6
20141204,38.0,41.6,25.0,27.5
20141205,45.5,41.4,35.0,27.3
20141206,49.0,42.4,35.0,28.0
20141207,43.0,43.3,28.0,28.8
20141208,48.0,43.2,31.0,28.5
20141209,44.0,43.0,36.5,29.6
20141210,38.0,42.8,31.0,29.2
20141211,40.5,41.9,26.0,29.1
20141212,43.5,42.0,23.0,28.9
20141213,45.0,43.2,36.0,29.4
20141214,47.0,44.3,35.0,30.0
20141215,49.5,44.3,35.5,29.5
20141216,50.0,44.1,36.5,30.3
20141217,36.5,43.9,27.5,29.6
20141218,30.0,43.0,24.5,29.1
20141219,31.0,42.9,23.0,28.5
20141220,32.0,43.9,24.0,28.6
20141221,37.0,44.8,20.0,28.7
20141222,51.0,44.5,24.0,27.8
20141223,54.5,44.1,42.5,28.2
20141224,56.5,43.5,39.0,27.1
20141225,41.0,42.2,29.0,26.2
20141226,53.0,41.8,24.0,25.2
20141227,52.0,42.5,33.0,25.1
20141228,47.0,43.0,32.0,24.9
20141229,36.0,42.4,25.5,23.8
20141230,34.5,41.7,22.5,24.0
20141231,28.0,40.9,13.0,22.8
20150101,38.0,39.4,19.0,21.9
20150102,38.5,38.8,24.0,20.9
20150103,61.0,39.4,35.0,20.9
20150104,60.0,39.9,24.0,20.9
20150105,23.0,39.4,12.5,20.0
20150106,24.5,38.7,15.0,20.5
20150107,18.5,38.1,1.5,19.6
20150108,23.5,36.8,-3.0,19.1
20150109,25.0,36.5,5.0,18.5
20150110,25.0,37.4,1.0,18.9
20150111,38.0,38.2,16.0,19.4
20150112,37.0,38.0,25.5,18.9
20150113,28.0,37.7,20.0,19.8
20150114,27.5,37.4,15.5,19.4
20150115,39.5,36.5,19.5,19.2
20150116,41.0,36.6,22.0,19.0
20150117,53.0,37.8,24.0,19.7
20150118,50.0,38.9,34.0,20.4
20150119,50.0,39.0,24.0,20.1
20150120,53.0,38.9,29.0,21.2
20150121,51.0,38.8,34.0,20.8
20150122,36.5,38.0,31.5,20.7
20150123,38.0,38.1,31.0,20.4
20150124,43.0,39.3,25.0,21.0
20150125,41.0,40.4,26.0,21.5
20150126,29.5,40.3,17.5,21.1
20150127,29.0,40.1,17.0,21.8
20150128,36.0,39.8,11.0,21.2
20150129,48.5,38.7,29.5,20.7
20150130,35.0,38.5,19.0,20.1
20150131,38.0,39.4,14.0,20.4
20150201,45.0,40.1,31.0,20.6
20150202,41.5,39.8,17.5,19.7
20150203,35.5,39.2,17.0,20.2
20150204,44.5,38.6,22.5,19.3
20150205,25.5,37.3,11.0,18.6
20150206,33.5,36.8,9.0,17.8
20150207,57.0,37.5,22.0,17.9
20150208,59.0,38.1,33.0,18.0
20150209,50.0,37.7,26.0,17.2
20150210,33.5,37.1,22.5,17.7
20150211,45.0,36.5,22.5,16.9
20150212,32.5,35.3,19.5,16.4
20150213,30.0,35.0,11.5,15.9
20150214,35.0,36.0,10.0,16.3
20150215,20.0,36.9,6.0,16.9
20150216,13.0,36.8,4.0,16.5
20150217,23.0,36.6,-7.0,17.5
20150218,19.0,36.5,3.0,17.2
20150219,9.0,35.8,-9.5,17.2
20150220,21.0,36.1,-12.0,17.2
20150221,34.0,37.6,20.0,18.2
20150222,33.0,39.0,17.0,19.3
20150223,22.0,39.5,0.0,19.4
20150224,27.0,39.8,-10.0,20.9
20150225,35.5,40.2,13.0,21.1
20150226,27.0,40.0,10.5,21.5
20150227,23.0,40.7,4.5,21.9
20150228,28.0,42.5,5.0,23.2
20150301,34.0,44.3,22.0,24.5
20150302,33.0,45.0,19.5,24.8
20150303,47.5,45.5,25.0,26.4
20150304,41.0,46.0,23.0,26.7
20150305,25.0,45.8,7.0,27.1
20150306,27.0,46.4,1.0,27.4
20150307,48.0,48.2,21.0,28.6
20150308,53.0,49.8,26.0,29.7
20150309,56.0,50.3,28.0,29.8
20150310,50.0,50.6,39.0,31.1
20150311,64.0,50.8,41.0,31.0
20150312,60.0,50.3,32.0,31.1
20150313,53.0,50.7,40.0,31.1
20150314,62.0,52.1,41.0,31.8
20150315,64.0,53.3,33.0,32.6
20150316,76.0,53.5,46.0,32.3
20150317,62.5,53.5,34.0,33.3
20150318,48.5,53.4,27.0,32.9
20150319,52.5,52.7,38.5,32.7
20150320,49.0,52.8,40.0,32.4
20150321,67.0,54.0,39.0,33.0
20150322,52.0,55.2,35.0,33.6
20150323,48.0,55.3,29.5,33.2
20150324,48.0,55.2,31.0,34.1
20150325,68.0,55.2,42.0,33.6
20150326,52.5,54.5,38.5,33.5
20150327,39.0,54.7,27.0,33.2
20150328,38.0,56.1,18.0,33.9
20150329,52.0,57.4,19.0,34.6
20150330,59.5,57.8,33.0,34.4
20150331,66.5,58.0,35.0,35.5
20150401,67.0,58.2,30.0,35.2
20150402,66.5,57.7,39.5,35.3
20150403,66.0,58.2,45.0,35.3
20150404,55.0,59.9,32.0,36.2
20150405,64.0,61.5,31.0,37.1
20150406,69.0,62.0,38.0,37.1
20150407,67.5,62.4,51.5,38.4
20150408,70.5,62.8,53.0,38.4
20150409,76.0,62.5,56.5,38.6
20150410,73.0,63.1,51.0,38.8
20150411,62.0,64.8,37.0,39.8
20150412,74.0,66.3,38.0,40.8
20150413,79.0,66.9,48.0,40.9
20150414,64.0,67.1,48.0,42.2
20150415,64.0,67.4,48.0,42.2
20150416,74.0,66.9,55.0,42.4
20150417,75.0,67.3,54.0,42.5
20150418,78.0,68.8,47.0,43.4
20150419,67.0,70.1,58.0,44.4
20150420,63.5,70.3,48.0,44.3
20150421,64.0,70.3,41.5,45.5
20150422,55.0,70.2,39.0,45.4
20150423,57.0,69.5,31.5,45.4
20150424,61.0,69.6,30.0,45.4
20150425,55.0,70.7,42.0,46.2
20150426,60.0,71.8,40.0,47.0
20150427,63.0,71.8,34.0,46.8
20150428,64.0,71.5,35.0,47.9
20150429,69.0,71.2,38.0,47.7
20150430,63.0,70.3,44.0,47.6
20150501,73.0,70.2,44.0,47.5
20150502,76.0,71.3,45.0,48.2
20150503,77.0,72.3,46.0,49.0
20150504,80.0,72.2,51.5,48.7
20150505,83.5,72.0,55.5,49.8
20150506,86.0,71.7,54.0,49.5
20150507,87.0,70.8,56.0,49.5
20150508,87.5,70.8,57.0,49.3
20150509,87.0,72.0,62.0,50.1
20150510,85.0,73.1,64.0,50.9
20150511,87.0,73.2,63.0,50.7
20150512,71.0,73.1,51.0,51.8
20150513,69.0,73.0,42.0,51.6
20150514,70.0,72.3,45.0,51.6
20150515,84.0,72.5,53.0,51.5
20150516,78.0,73.9,63.0,52.3
20150517,82.0,75.1,66.0,53.1
20150518,77.0,75.4,63.0,53.0
20150519,70.0,75.5,51.0,54.2
20150520,62.0,75.5,43.0,54.0
20150521,60.0,75.0,42.0,54.1
20150522,76.0,75.3,43.0,54.0
20150523,80.0,76.7,46.0,54.9
20150524,84.0,78.1,51.0,55.8
20150525,79.0,78.5,61.0,55.7
20150526,86.0,78.6,64.0,56.9
20150527,84.0,78.7,64.0,56.7
20150528,82.0,78.2,62.0,56.8
20150529,83.0,78.5,65.0,56.8
20150530,85.0,80.0,67.0,57.6
20150531,74.0,81.3,57.0,58.5
20150601,59.0,81.6,53.0,58.4
20150602,62.0,81.7,52.0,59.6
20150603,73.0,81.8,50.0,59.4
20150604,83.0,81.1,54.0,59.5
20150605,86.0,81.4,55.0,59.4
20150606,78.0,82.7,62.0,60.3
20150607,88.0,84.0,58.0,61.1
20150608,79.0,84.1,60.0,60.9
20150609,82.5,84.1,58.0,62.0
20150610,90.0,84.0,58.0,61.8
20150611,92.5,83.2,63.0,61.7
20150612,91.0,83.2,67.5,61.6
20150613,89.0,84.4,69.0,62.3
20150614,91.0,85.4,73.0,63.0
20150615,90.0,85.4,71.0,62.8
20150616,86.0,85.1,72.0,63.8
20150617,84.0,84.8,71.0,63.4
20150618,88.5,83.8,69.5,63.2
20150619,77.0,83.7,66.0,63.0
20150620,81.0,84.7,69.0,63.6
20150621,87.0,85.5,67.0,64.1
20150622,86.5,85.3,67.0,63.8
20150623,88.5,84.9,66.0,64.6
20150624,83.5,84.4,60.5,64.2
20150625,84.0,83.3,62.5,63.9
20150626,81.5,83.1,66.5,63.6
20150627,70.0,84.0,62.0,64.1
20150628,79.0,84.8,56.0,64.6
20150629,79.0,84.5,61.0,64.1
20150630,79.0,84.1,61.0,65.0
20150701,79.0,83.7,59.0,64.5
20150702,78.5,82.6,65.5,64.2
20150703,76.0,82.5,65.5,63.8
20150704,81.5,83.5,63.5,64.3
20150705,79.5,84.4,62.5,64.9
20150706,84.5,84.3,60.5,64.4
20150707,83.0,84.0,68.0,65.3
20150708,73.5,83.8,66.5,64.8
20150709,81.0,82.8,66.0,64.5
20150710,75.0,82.9,63.5,64.2
20150711,82.5,84.0,60.5,64.7
20150712,85.5,85.1,67.5,65.3
20150713,81.0,85.1,66.0,64.8
20150714,89.5,85.0,68.0,65.7
20150715,82.5,84.8,64.5,65.2
20150716,83.0,84.0,60.0,64.9
20150717,89.5,84.1,66.5,64.5
20150718,92.0,85.3,68.0,65.0
20150719,90.0,86.4,70.0,65.5
20150720,89.0,86.4,70.0,65.0
20150721,86.0,86.2,67.0,65.8
20150722,81.0,86.0,57.0,65.1
20150723,84.0,85.0,58.0,64.8
20150724,87.0,85.0,62.0,64.3
20150725,87.0,86.0,60.0,64.7
20150726,87.0,86.9,66.0,65.0
20150727,88.0,86.7,71.0,64.4
20150728,92.0,86.3,70.0,65.1
20150729,92.0,85.9,70.0,64.5
20150730,86.0,84.8,65.0,64.0
20150731,87.0,84.5,62.0,63.5
20150801,85.0,85.4,61.0,63.8
20150802,87.0,86.1,60.0,64.2
20150803,87.0,85.8,63.0,63.6
20150804,85.0,85.3,63.0,64.3
20150805,85.0,84.8,62.0,63.7
20150806,74.0,83.6,64.0,63.3
20150807,83.0,83.3,61.0,62.8
20150808,83.0,84.2,60.0,63.3
20150809,83.0,85.0,64.0,63.8
20150810,87.0,84.8,68.0,63.3
20150811,83.0,84.4,65.0,64.1
20150812,80.0,84.1,60.0,63.7
20150813,82.0,83.0,58.0,63.4
20150814,85.0,83.0,59.0,63.1
20150815,85.0,84.1,63.0,63.7
20150816,89.0,85.1,63.0,64.3
20150817,86.0,85.1,66.0,64.0
20150818,85.0,85.0,66.0,65.0
20150819,85.0,84.8,67.0,64.6
20150820,78.0,84.0,58.0,64.4
20150821,80.0,84.2,55.0,64.1
20150822,81.0,85.4,54.0,64.7
20150823,86.0,86.5,59.0,65.3
20150824,77.0,86.6,57.0,64.8
20150825,72.0,86.5,53.0,65.7
20150826,74.0,86.4,56.0,65.1
20150827,78.0,85.5,56.0,64.7
20150828,81.0,85.6,53.0,64.3
20150829,87.0,86.7,59.0,64.6
20150830,86.0,87.6,66.0,64.9
20150831,87.0,87.5,64.0,64.2
20150901,89.0,87.1,65.0,64.7
20150902,90.0,86.7,65.0,63.8
20150903,92.0,85.5,66.0,63.1
20150904,93.0,85.2,66.0,62.4
20150905,91.0,85.9,64.0,62.4
20150906,91.0,86.5,65.0,62.4
20150907,92.0,86.0,65.0,61.4
20150908,91.0,85.3,66.0,61.6
20150909,78.0,84.5,67.0,60.5
20150910,84.0,83.0,60.0,59.6
20150911,82.0,82.3,57.0,58.6
20150912,67.0,82.8,53.0,58.5
20150913,70.0,83.2,50.0,58.4
20150914,75.0,82.5,46.0,57.3
20150915,81.0,81.6,49.0,57.6
20150916,82.0,80.7,52.0,56.5
20150917,83.0,79.1,54.0,55.6
20150918,84.0,78.5,55.0,54.7
20150919,77.0,79.0,56.0,54.7
20150920,74.0,79.4,50.0,54.8
20150921,77.0,78.8,48.0,53.9
20150922,82.0,78.1,48.0,54.3
20150923,83.0,77.3,51.0,53.4
20150924,84.0,75.9,53.0,52.7
20150925,78.0,75.5,55.0,52.1
20150926,71.0,76.1,62.0,52.2
20150927,80.0,76.8,61.0,52.5
20150928,85.0,76.4,60.0,51.8
20150929,72.0,75.8,63.0,52.4
20150930,68.0,75.2,58.0,51.6
20151001,63.0,73.9,53.0,51.1
20151002,59.0,73.6,48.0,50.5
20151003,53.0,74.3,46.0,50.7
20151004,77.0,75.0,52.0,51.0
20151005,79.0,74.6,52.0,50.3
20151006,79.0,74.0,54.0,50.9
20151007,80.0,73.4,54.0,50.1
20151008,80.0,72.0,54.0,49.4
20151009,75.0,71.6,55.0,48.8
20151010,68.0,72.2,44.0,48.9
20151011,72.0,72.7,41.0,49.1
20151012,79.0,72.2,45.0,48.2
20151013,66.0,71.4,48.0,48.7
20151014,67.0,70.6,40.0,47.7
20151015,70.0,69.1,38.0,47.0
20151016,64.0,68.5,40.0,46.2
20151017,56.0,68.9,31.0,46.2
20151018,59.0,69.3,28.0,46.3
20151019,66.0,68.7,30.0,45.3
20151020,71.0,67.8,38.0,45.7
20151021,74.0,66.9,40.0,44.7
20151022,80.0,65.4,49.0,43.9
20151023,76.0,64.7,53.0,43.0
20151024,72.0,65.2,58.0,43.0
20151025,62.0,65.7,45.0,43.1
20151026,65.0,65.1,41.0,42.1
20151027,56.0,64.3,48.0,42.5
20151028,67.0,63.5,53.0,41.5
20151029,57.0,62.1,40.0,40.7
20151030,51.0,61.6,43.0,39.9
20151031,58.0,62.2,42.0,39.9
20151101,66.0,62.8,46.0,40.0
20151102,70.0,62.3,41.0,39.1
20151103,75.0,61.6,39.0,39.5
20151104,76.0,60.9,47.0,38.5
20151105,75.0,59.6,53.0,37.7
20151106,70.0,59.1,51.0,36.9
20151107,56.0,59.7,38.0,36.9
20151108,56.0,60.2,31.0,36.9
20151109,55.0,59.7,30.0,36.0
20151110,52.0,58.9,35.0,36.3
20151111,61.0,58.1,33.0,35.3
20151112,60.0,56.6,46.0,34.5
20151113,53.0,56.0,37.0,33.6
20151114,55.0,56.4,26.0,33.6
20151115,65.0,56.7,29.0,33.6
20151116,60.0,56.0,31.0,32.7
20151117,62.0,55.0,47.0,33.0
20151118,66.0,54.0,56.0,32.1
20151119,59.0,52.3,39.0,31.3
20151120,52.0,51.5,28.0,30.6
20151121,51.0,51.8,32.0,30.7
20151122,37.0,52.0,21.0,30.8
20151123,47.0,51.1,20.0,30.1
20151124,54.0,50.1,27.0,30.7
20151125,60.0,49.1,29.0,29.9
20151126,66.0,47.5,41.0,29.4
20151127,64.0,46.8,48.0,29.0
20151128,57.0,47.3,41.0,29.4
20151129,45.0,47.7,40.0,29.9
20151130,47.0,47.2,38.0,29.4
20151201,55.0,46.5,38.0,30.4
20151202,49.0,45.8,34.0,29.9
20151203,42.0,44.6,26.0,29.8
20151204,38.0,44.3,24.0,29.6
20151205,44.0,45.2,27.0,30.3
20151206,54.0,46.0,26.0,31.0
20151207,51.0,45.9,37.0,30.7
20151208,56.0,45.6,36.0,31.8
20151209,55.0,45.4,34.0,31.5
20151210,56.0,44.5,33.0,31.4
20151211,63.0,44.5,51.0,31.2
20151212,70.0,45.7,57.0,31.8
20151213,64.0,46.8,54.0,32.4
20151214,66.0,46.9,47.0,32.0
20151215,48.0,46.7,37.0,32.8
20151216,62.0,46.5,34.0,32.3
20151217,58.0,45.6,32.0,31.8
20151218,37.0,45.6,29.0,31.3
20151219,37.0,46.7,23.0,31.5
20151220,48.0,47.6,22.0,31.7
20151221,56.0,47.4,42.0,30.9
20151222,61.0,47.0,44.0,31.3
20151223,66.0,46.5,51.0,30.3
20151224,60.0,45.3,42.0,29.4
20151225,54.0,45.0,45.0,28.5
20151226,60.0,45.7,45.0,28.4
20151227,68.0,46.2,40.0,28.2
20151228,57.0,45.7,37.0,27.1
20151229,55.0,45.0,38.0,27.3
20151230,42.0,44.2,36.0,26.1
20151231,36.0,42.7,31.0,25.1
20160101,39.0,42.2,27.0,24.2
20160102,42.0,42.7,26.0,24.1
20160103,37.0,43.2,26.0,24.0
20160104,36.0,42.7,23.0,23.1
20160105,33.0,41.9,16.0,23.5
20160106,43.0,41.2,16.0,22.5
20160107,50.0,39.9,19.0,21.9
20160108,51.0,39.5,32.0,21.3
20160109,53.0,40.3,38.0,21.6
20160110,49.0,41.1,13.0,21.9
20160111,31.0,40.8,9.0,21.4
20160112,33.0,40.5,7.0,22.2
20160113,29.0,40.1,6.0,21.7
20160114,54.0,39.2,19.0,21.5
20160115,50.0,39.2,34.0,21.3
20160116,36.0,40.3,30.0,21.9
20160117,30.0,41.4,9.0,22.6
20160118,15.0,41.5,5.0,22.4
20160119,21.0,41.4,7.0,23.4
20160120,22.0,41.3,16.0,23.1
20160121,28.0,40.5,15.0,23.0
20160122,29.0,40.6,20.0,22.8
20160123,31.0,41.8,14.0,23.4
20160124,37.0,42.9,10.0,24.0
20160125,49.0,43.0,23.0,23.6
20160126,50.0,42.8,30.0,24.4
20160127,32.0,42.5,20.0,23.8
20160128,48.0,41.5,21.0,23.4
20160129,40.0,41.4,26.0,22.9
20160130,64.0,42.3,28.0,23.2
20160131,64.0,43.1,41.0,23.4
20160201,60.0,42.8,31.0,22.7
20160202,61.0,42.3,29.0,23.2
20160203,60.0,41.7,36.0,22.3
20160204,36.0,40.4,22.0,21.6
20160205,43.0,40.0,19.0,20.8
20160206,47.0,40.7,20.0,20.9
20160207,54.0,41.3,23.0,21.0
20160208,47.0,40.8,24.0,20.2
20160209,25.0,40.2,16.0,20.6
20160210,21.0,39.5,11.0,19.8
20160211,25.0,38.3,11.0,19.2
20160212,29.0,38.0,11.0,18.6
20160213,21.0,38.8,9.0,18.9
20160214,21.0,39.6,11.0,19.4
20160215,36.0,39.5,21.0,18.9
20160216,38.0,39.2,25.0,19.8
20160217,37.0,39.0,26.0,19.4
20160218,44.0,38.2,28.0,19.3
20160219,66.0,38.4,39.0,19.3
20160220,72.0,39.7,45.0,20.1
20160221,60.0,41.1,40.0,21.1
20160222,50.0,41.5,31.0,21.1
20160223,56.0,41.7,30.0,22.6
20160224,58.0,42.0,34.0,22.7
20160225,39.0,41.7,32.0,23.1
20160226,37.0,42.4,31.0,23.5
20160227,52.0,44.2,28.0,24.7
20160228,66.0,45.9,38.0,26.0
20160229,60.0,46.6,38.0,26.3
20160301,56.0,47.1,30.0,28.0
20160302,38.0,47.6,25.0,28.2
20160303,36.0,47.5,27.0,28.7
20160304,37.0,48.2,29.0,29.0
20160305,41.0,50.0,28.0,30.2
20160306,52.0,51.6,36.0,31.4
20160307,64.0,52.2,38.0,31.6
20160308,74.0,52.5,46.0,33.0
20160309,73.0,52.8,53.0,32.9
20160310,63.0,52.3,52.0,33.1
20160311,58.0,52.8,45.0,33.1
20160312,65.0,54.2,46.0,34.0
20160313,63.0,55.6,54.0,34.8
20160314,70.0,55.8,51.0,34.6
20160315,74.0,55.8,54.0,35.6
20160316,71.0,55.8,52.0,35.2
20160317,63.0,55.0,37.0,35.1
20160318,60.0,55.1,32.0,34.8
20160319,47.0,56.4,36.0,35.4
20160320,46.0,57.5,27.0,36.0
20160321,52.0,57.6,29.0,35.6
20160322,65.0,57.6,33.0,36.5
20160323,62.0,57.5,51.0,36.0
20160324,70.0,56.7,49.0,35.8
20160325,50.0,56.9,34.0,35.6
20160326,63.0,58.3,31.0,36.2
20160327,76.0,59.5,36.0,36.9
20160328,52.0,59.8,43.0,36.6
20160329,58.0,60.0,35.0,37.6
20160330,72.0,60.1,35.0,37.4
20160331,70.0,59.6,53.0,37.4
20160401,63.0,60.1,46.0,37.3
20160402,54.0,61.7,33.0,38.2
20160403,59.0,63.2,26.0,39.1
20160404,61.0,63.8,34.0,39.0
20160405,46.0,64.1,31.0,40.3
20160406,66.0,64.5,36.0,40.3
20160407,48.0,64.2,37.0,40.5
20160408,45.0,64.8,30.0,40.6
20160409,42.0,66.5,29.0,41.6
20160410,60.0,68.1,28.0,42.6
20160411,61.0,68.6,41.0,42.7
20160412,54.0,69.0,33.0,44.1
20160413,60.0,69.2,34.0,44.0
20160414,67.0,68.8,35.0,44.2
20160415,76.0,69.2,38.0,44.4
20160416,78.0,70.8,44.0,45.3
20160417,81.0,72.1,45.0,46.3
20160418,83.0,72.4,47.0,46.3
20160419,83.0,72.5,49.0,47.6
20160420,82.0,72.5,52.0,47.4
20160421,72.0,71.7,55.0,47.5
20160422,67.0,71.9,54.0,47.5
20160423,67.0,73.1,47.0,48.3
20160424,76.0,74.2,42.0,49.1
20160425,80.0,74.2,49.0,49.0
20160426,82.0,74.0,59.0,50.1
20160427,65.0,73.7,50.0,49.8
20160428,77.0,72.8,56.0,49.8
20160429,69.0,72.7,55.0,49.7
20160430,62.0,73.8,53.0,50.4
20160501,80.0,74.7,59.0,51.2
20160502,67.0,74.7,56.0,50.9
20160503,60.0,74.4,50.0,52.0
20160504,60.0,74.1,45.0,51.7
20160505,59.0,73.2,41.0,51.6
20160506,71.0,73.2,43.0,51.5
20160507,76.0,74.4,46.0,52.3
20160508,61.0,75.4,43.0,53.0
20160509,61.0,75.5,52.0,52.8
20160510,75.0,75.3,56.0,54.0
20160511,81.0,75.2,58.0,53.7
20160512,78.0,74.5,59.0,53.7
20160513,69.0,74.6,52.0,53.6
20160514,57.0,76.0,46.0,54.4
20160515,60.0,77.2,38.0,55.2
20160516,63.0,77.4,32.0,55.1
20160517,57.0,77.5,49.0,56.3
20160518,69.0,77.5,49.0,56.1
20160519,71.0,76.9,43.0,56.1
20160520,70.0,77.2,48.0,56.1
20160521,66.0,78.7,52.0,56.9
20160522,79.0,80.0,47.0,57.8
20160523,77.0,80.4,47.0,57.7
20160524,82.0,80.5,49.0,58.9
20160525,82.0,80.6,56.0,58.8
20160526,81.0,80.1,63.0,58.8
20160527,85.0,80.4,61.0,58.8
20160528,86.0,81.9,66.0,59.7
20160529,86.0,83.2,64.0,60.6
20160530,88.0,83.6,62.0,60.5
20160531,87.0,83.7,62.0,61.7
20160601,87.0,83.7,62.0,61.5
20160602,80.0,83.1,64.0,61.5
20160603,85.0,83.4,64.0,61.5
20160604,81.0,84.8,66.0,62.3
20160605,82.0,86.0,64.0,63.2
20160606,84.0,86.2,61.0,63.0
20160607,75.0,86.2,53.0,64.2
20160608,75.0,86.1,50.0,63.9
20160609,82.0,85.3,48.0,63.9
20160610,83.0,85.5,58.0,63.8
20160611,90.0,86.7,62.5,64.5
20160612,92.0,87.7,67.0,65.3
20160613,87.0,87.7,54.0,65.0
20160614,88.0,87.5,61.0,66.1
20160615,87.0,87.2,65.0,65.7
20160616,88.0,86.2,64.0,65.5
20160617,86.0,86.1,65.0,65.3
20160618,86.0,87.1,60.0,65.9
20160619,88.0,88.0,60.0,66.5
20160620,90.0,87.8,68.0,66.2
20160621,88.0,87.4,64.0,67.1
20160622,79.0,87.0,61.0,66.6
20160623,90.0,85.9,68.0,66.3
20160624,86.0,85.6,65.0,66.0
20160625,90.0,86.5,61.0,66.5
20160626,92.0,87.3,66.0,67.1
20160627,91.0,87.1,71.0,66.6
20160628,85.0,86.6,62.0,67.5
20160629,79.0,86.2,56.0,66.9
20160630,82.0,85.1,54.0,66.6
20160701,84.0,84.9,60.0,66.3
20160702,80.0,85.9,54.0,66.8
20160703,69.0,86.8,62.0,67.3
20160704,76.0,86.6,63.0,66.9
20160705,86.0,86.3,67.0,67.7
20160706,86.0,86.0,67.0,67.2
20160707,84.0,85.1,69.0,67.0
20160708,83.0,85.1,69.0,66.6
20160709,83.0,86.2,64.0,67.2
20160710,85.0,87.3,61.0,67.7
20160711,88.0,87.3,62.0,67.3
20160712,88.0,87.1,66.0,68.2
20160713,91.0,87.0,69.0,67.6
20160714,89.0,86.1,67.0,67.4
20160715,88.0,86.2,68.0,67.0
20160716,84.0,87.4,64.0,67.5
20160717,88.0,88.5,61.0,68.0
20160718,87.0,88.5,68.0,67.5
20160719,90.0,88.4,67.0,68.3
20160720,91.0,88.2,67.0,67.7
20160721,91.0,87.3,67.0,67.4
20160722,90.0,87.2,72.0,66.9
20160723,93.0,88.3,70.0,67.3
20160724,94.0,89.2,72.0,67.7
20160725,94.0,89.1,76.0,67.1
20160726,88.0,88.8,72.0,67.8
20160727,89.0,88.3,72.0,67.1
20160728,84.0,87.2,72.0,66.7
20160729,87.0,87.0,69.0,66.2
20160730,88.0,87.9,69.0,66.5
20160731,87.0,88.6,68.0,66.9
20160801,87.0,88.3,67.0,66.2
20160802,90.0,87.8,69.0,67.0
20160803,89.0,87.3,68.0,66.3
20160804,91.0,86.1,70.0,65.9
20160805,90.0,85.8,70.0,65.4
20160806,89.0,86.7,66.0,65.8
20160807,88.0,87.5,63.0,66.3
20160808,88.0,87.2,65.0,65.8
20160809,89.0,86.8,68.0,66.6
20160810,89.0,86.4,73.0,66.1
20160811,91.0,85.3,75.0,65.8
20160812,92.0,85.2,73.0,65.5
20160813,87.0,86.3,74.0,66.1
20160814,85.0,87.2,72.0,66.7
20160815,85.0,87.2,70.0,66.4
20160816,83.0,87.0,72.0,67.3
20160817,83.0,86.9,70.0,66.9
20160818,85.0,86.0,69.0,66.7
20160819,86.0,86.1,70.0,66.5
20160820,82.0,87.4,68.0,67.1
20160821,80.0,88.5,61.0,67.7
20160822,80.0,88.6,57.0,67.3
20160823,83.0,88.5,58.0,68.2
20160824,87.0,88.4,63.0,67.7
20160825,91.0,87.6,73.0,67.3
20160826,92.0,87.6,70.0,66.9
20160827,91.0,88.8,70.0,67.3
20160828,93.0,89.8,69.0,67.7
20160829,91.0,89.7,66.0,67.0
20160830,91.0,89.4,67.0,67.6
20160831,88.0,89.0,68.0,66.8
20160901,79.0,87.9,62.0,66.1
20160902,79.0,87.7,58.0,65.4
20160903,81.0,88.5,58.0,65.5
20160904,84.0,89.1,57.0,65.5
20160905,90.0,88.7,59.0,64.5
20160906,90.0,88.0,64.0,64.8
20160907,90.0,87.3,69.0,63.7
20160908,90.0,85.8,71.0,62.8
20160909,87.0,85.2,71.0,61.9
20160910,88.0,85.7,64.0,61.8
20160911,78.0,86.1,55.0,61.7
20160912,81.0,85.4,55.0,60.6
20160913,83.0,84.5,55.0,60.8
20160914,86.0,83.6,57.0,59.7
20160915,81.0,82.0,60.0,58.8
20160916,88.0,81.4,60.0,57.9
20160917,79.0,81.8,68.0,57.8
20160918,84.0,82.2,67.0,57.9
20160919,85.0,81.6,61.0,56.9
20160920,87.0,80.8,59.0,57.3
20160921,88.0,80.0,58.0,56.4
20160922,89.0,78.6,59.0,55.7
20160923,90.0,78.1,61.0,55.0
20160924,83.0,78.7,66.0,55.1
20160925,86.0,79.3,61.0,55.3
20160926,71.0,78.9,53.0,54.6
20160927,75.0,78.3,48.0,55.2
20160928,63.0,77.7,49.0,54.4
20160929,67.0,76.4,50.0,53.8
20160930,67.0,76.0,52.0,53.3
20161001,69.0,76.8,53.0,53.5
20161002,74.0,77.5,53.0,53.8
20161003,75.0,77.1,51.0,53.1
20161004,80.0,76.5,52.0,53.7
20161005,81.0,75.9,57.0,52.9
20161006,83.0,74.6,59.0,52.3
20161007,81.0,74.1,54.0,51.7
20161008,69.0,74.8,47.0,51.8
20161009,68.0,75.4,44.0,52.0
20161010,70.0,74.8,43.0,51.2
20161011,74.0,74.1,47.0,51.7
20161012,78.0,73.3,47.0,50.8
20161013,67.0,71.8,41.0,50.0
20161014,65.0,71.2,41.0,49.3
20161015,79.0,71.7,47.0,49.3
20161016,81.0,72.1,55.0,49.3
20161017,84.0,71.4,62.0,48.4
20161018,82.0,70.6,69.0,48.8
20161019,79.0,69.7,64.0,47.8
20161020,66.0,68.1,54.0,47.0
20161021,57.0,67.5,46.0,46.1
20161022,58.0,68.0,41.0,46.1
20161023,73.0,68.4,40.0,46.2
20161024,65.0,67.8,40.0,45.2
20161025,60.0,67.0,36.0,45.6
20161026,67.0,66.2,39.0,44.6
20161027,65.0,64.7,45.0,43.8
20161028,66.0,64.2,41.0,43.0
20161029,79.0,64.8,43.0,43.0
20161030,78.0,65.3,54.0,43.1
20161031,63.0,64.8,50.0,42.1
20161101,82.0,64.1,50.0,42.5
20161102,81.0,63.4,50.0,41.5
20161103,71.0,62.1,48.0,40.8
20161104,57.0,61.6,40.0,39.9
20161105,61.0,62.3,35.0,40.0
20161106,67.0,62.8,35.0,40.0
20161107,69.0,62.3,36.0,39.1
20161108,59.0,61.5,41.0,39.4
20161109,54.0,60.8,33.0,38.4
20161110,60.0,59.3,33.0,37.6
20161111,61.0,58.7,34.0,36.7
20161112,54.0,59.2,26.0,36.7
20161113,59.0,59.5,26.0,36.7
20161114,60.0,58.8,26.0,35.8
20161115,62.0,57.9,30.0,36.1
20161116,63.0,56.9,32.0,35.1
20161117,73.0,55.2,34.0,34.4
20161118,77.0,54.4,43.0,33.6
20161119,67.0,54.7,35.0,33.6
20161120,39.0,54.9,28.0,33.8
20161121,44.0,54.0,25.0,33.0
20161122,43.0,53.0,24.0,33.5
20161123,53.0,52.0,29.0,32.7
20161124,51.0,50.3,41.0,32.2
20161125,44.0,49.6,39.0,31.6
20161126,45.0,50.0,31.0,32.0
20161127,50.0,50.3,24.0,32.4
20161128,54.0,49.7,37.0,31.9
20161129,63.0,49.0,47.0,32.8
20161130,62.0,48.2,42.0,32.3
20161201,45.0,46.9,33.0,32.1
20161202,41.0,46.5,34.0,31.9
20161203,42.0,47.3,34.0,32.5
20161204,44.0,48.1,34.0,33.2
20161205,44.0,47.9,36.0,33.0
20161206,44.0,47.6,34.0,34.0
20161207,40.0,47.3,28.0,33.7
20161208,34.0,46.3,23.0,33.6
20161209,28.0,46.3,19.0,33.5
20161210,32.0,47.5,18.0,34.1
20161211,42.0,48.6,29.0,34.8
20161212,43.0,48.6,29.0,34.4
20161213,33.0,48.5,27.0,35.3
20161214,28.0,48.3,11.0,34.8
20161215,18.0,47.4,5.0,34.5
20161216,33.0,47.5,11.0,34.0
20161217,61.0,48.6,32.0,34.3
20161218,36.0,49.6,19.0,34.6
20161219,23.0,49.5,12.0,33.8
20161220,39.0,49.1,11.0,34.3
20161221,40.0,48.7,21.0,33.4
20161222,43.0,47.5,23.0,32.6
20161223,42.0,47.2,22.0,31.7
20161224,46.0,48.0,38.0,31.6
20161225,49.0,48.6,38.0,31.5
20161226,71.0,48.2,48.0,30.4
20161227,53.0,47.5,31.0,30.6
20161228,47.0,46.7,23.0,29.4
20161229,46.0,45.3,32.0,28.5
20161230,38.0,44.7,28.0,27.5
20161231,44.5,45.3,28.5,27.3
20170101,45.0,45.7,28.0,27.2
20170102,56.0,45.2,42.0,26.2
20170103,57.0,44.4,42.0,26.5
20170104,42.0,43.7,21.0,25.5
20170105,24.0,42.3,14.5,24.8
20170106,16.0,41.8,6.0,24.1
20170107,14.0,42.6,3.0,24.3
20170108,22.0,43.2,6.0,24.6
20170109,35.5,42.9,16.5,24.0
20170110,53.0,42.5,35.5,24.8
20170111,62.0,42.1,28.0,24.2
20170112,67.0,41.1,35.0,23.9
20170113,38.0,41.0,32.0,23.6
20170114,36.0,42.1,32.0,24.3
20170115,38.0,43.1,32.0,24.9
20170116,52.0,43.2,37.0,24.6
20170117,63.0,43.1,44.0,25.7
20170118,45.0,42.9,37.0,25.3
20170119,50.0,42.1,36.0,25.2
20170120,61.5,42.3,42.5,25.1
20170121,64.0,43.5,42.0,25.7
20170122,63.0,44.6,41.0,26.4
20170123,56.5,44.7,44.0,26.0
20170124,45.5,44.5,36.0,26.9
20170125,59.0,44.3,33.0,26.4
20170126,42.0,43.4,32.0,26.0
20170127,36.0,43.3,29.0,25.6
20170128,35.0,44.3,26.0,25.9
20170129,34.0,45.2,25.0,26.2
20170130,34.0,45.0,20.5,25.5
20170131,47.0,44.5,30.0,26.1
20170201,43.5,43.9,35.0,25.2
20170202,37.5,42.7,25.0,24.6
20170203,30.5,42.3,16.0,23.8
20170204,37.0,43.0,12.0,23.9
20170205,53.0,43.6,27.0,24.0
20170206,61.0,43.2,25.0,23.1
20170207,61.0,42.5,51.0,23.6
20170208,51.0,41.9,30.0,22.7
20170209,31.0,40.5,15.5,22.1
20170210,,40.2,,21.4
20170211,,41.0,,21.7
20170212,,41.7,,22.0
20170213,,41.5,,21.4
20170214,,41.1,,22.2
20170215,,40.8,,21.7
20170216,,39.9,,21.5
20170217,,39.9,,21.4
20170218,,41.2,,22.2
20170219,,42.5,,23.0
20170220,,42.8,,23.0
20170221,,43.0,,24.4
20170222,,43.2,,24.4
20170223,,42.8,,24.7
20170224,,43.4,,25.0
20170225,,45.1,,26.3
20170226,,46.8,,27.5
20170227,,47.5,,27.8
20170228,,48.0,,29.5
20170301,,48.5,,29.7
20170302,,48.4,,30.2
20170303,,49.1,,30.6
20170304,,50.9,,31.9
20170305,,52.6,,33.1
20170306,,53.2,,33.3
20170307,,53.6,,34.7
20170308,,54.0,,34.8
20170309,,53.6,,35.0
20170310,,54.0,,35.1
20170311,,55.6,,36.0
20170312,,57.0,,36.9
20170313,,57.3,,36.7
20170314,,57.3,,37.8
20170315,,57.3,,37.5
20170316,,56.6,,37.4
20170317,,56.8,,37.2
20170318,,58.0,,37.8
20170319,,59.2,,38.4
20170320,,59.3,,38.0
20170321,,59.2,,38.9
20170322,,59.1,,38.4
20170323,,58.3,,38.2
20170324,,58.5,,37.9
20170325,,59.8,,38.5
20170326,,61.0,,39.2
20170327,,61.3,,38.8
20170328,,61.3,,39.9
20170329,,61.4,,39.6
20170330,,60.9,,39.5
20170331,,61.3,,39.4
20170401,,62.9,,40.2
20170402,,64.4,,41.1
20170403,,64.9,,41.0
20170404,,65.2,,42.3
20170405,,65.6,,42.2
20170406,,65.2,,42.3
20170407,,65.8,,42.5
20170408,,67.5,,43.5
20170409,,69.2,,44.5
20170410,,69.7,,44.5
20170411,,70.1,,45.9
20170412,,70.4,,45.9
20170413,,70.0,,46.1
20170414,,70.5,,46.3
20170415,,72.1,,47.3
20170416,,73.5,,48.2
20170417,,73.8,,48.2
20170418,,73.9,,49.5
20170419,,74.0,,49.4
20170420,,73.3,,49.5
20170421,,73.5,,49.5
20170422,,74.8,,50.4
20170423,,75.9,,51.2
20170424,,75.9,,51.1
20170425,,75.8,,52.2
20170426,,75.5,,52.0
20170427,,74.6,,52.0
20170428,,74.6,,51.9
20170429,,75.6,,52.6
20170430,,76.6,,53.4
20170501,,76.5,,53.1
20170502,,76.3,,54.2
20170503,,76.0,,53.9
20170504,,75.0,,53.8
20170505,,75.0,,53.7
20170506,,76.1,,54.5
20170507,,77.2,,55.2
20170508,,77.2,,55.0
20170509,,77.0,,56.1
20170510,,76.9,,55.8
20170511,,76.1,,55.8
20170512,,76.2,,55.8
20170513,,77.5,,56.5
20170514,,78.7,,57.3
20170515,,78.9,,57.2
20170516,,79.0,,58.4
20170517,,79.0,,58.2
20170518,,78.3,,58.2
20170519,,78.6,,58.2
20170520,,80.1,,59.0
20170521,,81.4,,59.9
20170522,,81.7,,59.8
20170523,,81.9,,61.0
20170524,,82.0,,60.8
20170525,,81.4,,60.9
20170526,,81.8,,60.9
20170527,,83.2,,61.7
20170528,,84.6,,62.6
20170529,,84.9,,62.5
20170530,,85.1,,63.7
20170531,,85.2,,63.5
20170601,,84.6,,63.6
20170602,,84.8,,63.6
20170603,,86.2,,64.4
20170604,,87.5,,65.3
20170605,,87.8,,65.1
20170606,,87.8,,66.3
20170607,,87.7,,66.1
20170608,,87.0,,66.1
20170609,,87.1,,66.0
20170610,,88.3,,66.7
20170611,,89.5,,67.5
20170612,,89.5,,67.3
20170613,,89.3,,68.3
20170614,,89.1,,68.0
20170615,,88.1,,67.9
20170616,,88.1,,67.7
20170617,,89.1,,68.3
20170618,,90.0,,68.9
20170619,,89.8,,68.6
20170620,,89.5,,69.5
20170621,,89.0,,69.0
20170622,,87.9,,68.8
20170623,,87.7,,68.5
20170624,,88.6,,69.0
20170625,,89.4,,69.5
20170626,,89.2,,69.1
20170627,,88.7,,70.0
20170628,,88.3,,69.4
20170629,,87.1,,69.1
20170630,,86.9,,68.8
20170701,,87.9,,69.3
20170702,,88.7,,69.8
20170703,,88.6,,69.4
20170704,,88.3,,70.2
20170705,,87.9,,69.7
20170706,,86.9,,69.4
20170707,,86.9,,69.1
20170708,,88.0,,69.6
20170709,,89.0,,70.2
20170710,,89.0,,69.7
20170711,,88.9,,70.6
20170712,,88.7,,70.1
20170713,,87.8,,69.8
20170714,,87.9,,69.5
20170715,,89.1,,70.0
20170716,,90.2,,70.5
20170717,,90.3,,70.0
20170718,,90.1,,70.9
20170719,,89.9,,70.3
20170720,,89.1,,69.9
20170721,,89.1,,69.5
20170722,,90.2,,69.9
20170723,,91.1,,70.3
20170724,,91.0,,69.8
20170725,,90.7,,70.5
20170726,,90.4,,69.8
20170727,,89.3,,69.4
20170728,,89.1,,68.9
20170729,,90.0,,69.2
20170730,,90.8,,69.6
20170731,,90.5,,68.9
20170801,,90.0,,69.6
20170802,,89.5,,69.0
20170803,,88.3,,68.5
20170804,,88.0,,68.0
20170805,,88.8,,68.4
20170806,,89.6,,68.9
20170807,,89.3,,68.3
20170808,,88.8,,69.1
20170809,,88.4,,68.6
20170810,,87.3,,68.3
20170811,,87.2,,68.0
20170812,,88.2,,68.5
20170813,,89.1,,69.1
20170814,,89.0,,68.7
20170815,,88.8,,69.7
20170816,,88.6,,69.3
20170817,,87.7,,69.1
20170818,,87.8,,68.8
20170819,,89.0,,69.4
20170820,,90.2,,70.1
20170821,,90.3,,69.7
20170822,,90.2,,70.6
20170823,,90.1,,70.1
20170824,,89.3,,69.8
20170825,,89.4,,69.5
20170826,,90.6,,69.9
20170827,,91.6,,70.3
20170828,,91.6,,69.7
20170829,,91.3,,70.4
20170830,,91.0,,69.6
20170831,,90.0,,69.0
20170901,,89.8,,68.4
20170902,,90.7,,68.5
20170903,,91.4,,68.6
20170904,,91.0,,67.7
20170905,,90.4,,68.0
20170906,,89.7,,66.9
20170907,,88.3,,66.1
20170908,,87.7,,65.1
20170909,,88.3,,65.0
20170910,,88.7,,64.9
20170911,,88.0,,63.8
20170912,,87.2,,64.1
20170913,,86.2,,62.9
20170914,,84.7,,62.0
20170915,,84.0,,61.1
20170916,,84.4,,61.0
20170917,,84.8,,61.0
20170918,,84.2,,60.0
20170919,,83.3,,60.4
20170920,,82.5,,59.4
20170921,,81.0,,58.7
20170922,,80.5,,57.9
20170923,,81.1,,58.0
20170924,,81.7,,58.2
20170925,,81.2,,57.4
20170926,,80.6,,58.0
20170927,,79.9,,57.2
20170928,,78.6,,56.6
20170929,,78.3,,56.0
20170930,,79.0,,56.3
20171001,,79.7,,56.6
20171002,,79.3,,55.9
20171003,,78.8,,56.5
20171004,,78.2,,55.7
20171005,,76.9,,55.2
20171006,,76.5,,54.5
20171007,,77.2,,54.7
20171008,,77.8,,54.9
20171009,,77.3,,54.1
20171010,,76.6,,54.6
20171011,,75.8,,53.7
20171012,,74.3,,53.0
20171013,,73.8,,52.3
20171014,,74.3,,52.3
20171015,,74.7,,52.4
20171016,,74.1,,51.5
20171017,,73.2,,51.9
20171018,,72.3,,50.9
20171019,,70.7,,50.1
20171020,,70.1,,49.2
20171021,,70.6,,49.2
20171022,,71.0,,49.3
20171023,,70.3,,48.3
20171024,,69.5,,48.7
20171025,,68.7,,47.7
20171026,,67.2,,46.9
20171027,,66.6,,46.1
20171028,,67.2,,46.1
20171029,,67.7,,46.1
20171030,,67.2,,45.2
20171031,,66.5,,45.6
20171101,,65.8,,44.6
20171102,,64.4,,43.8
20171103,,64.0,,43.0
20171104,,64.6,,43.1
20171105,,65.2,,43.1
20171106,,64.7,,42.2
20171107,,64.0,,42.5
20171108,,63.2,,41.5
20171109,,61.8,,40.7
20171110,,61.2,,39.9
20171111,,61.7,,39.9
20171112,,62.1,,39.9
20171113,,61.5,,38.9
20171114,,60.6,,39.2
20171115,,59.6,,38.2
20171116,,57.9,,37.4
20171117,,57.2,,36.6
20171118,,57.5,,36.7
20171119,,57.7,,36.8
20171120,,56.9,,35.9
20171121,,55.8,,36.4
20171122,,54.8,,35.5
20171123,,53.1,,34.9
20171124,,52.3,,34.4
20171125,,52.7,,34.7
20171126,,53.0,,35.0
20171127,,52.3,,34.5
20171128,,51.5,,35.3
20171129,,50.7,,34.7
20171130,,49.2,,34.5
20171201,,48.8,,34.2
20171202,,49.5,,34.8
20171203,,50.2,,35.5
20171204,,50.0,,35.2
20171205,,49.5,,36.3
20171206,,49.2,,35.9
20171207,,48.2,,35.9
20171208,,48.1,,35.7
20171209,,49.2,,36.4
20171210,,50.3,,37.1
20171211,,50.3,,36.8
20171212,,50.2,,37.8
20171213,,50.0,,37.3
20171214,,49.2,,37.0
20171215,,49.2,,36.6
20171216,,50.4,,37.0
20171217,,51.4,,37.4
20171218,,51.4,,36.7
20171219,,51.1,,37.3
20171220,,50.7,,36.4
20171221,,49.6,,35.7
20171222,,49.4,,34.9
20171223,,50.2,,34.8
20171224,,50.9,,34.8
20171225,,50.5,,33.7
20171226,,49.9,,33.9
20171227,,49.2,,32.7
20171228,,47.8,,31.8
20171229,,47.2,,30.8
20171230,,47.8,,30.6
20171231,,48.2,,30.5
20180101,,47.7,,29.4
20180102,,46.9,,29.7
20180103,,46.1,,28.6
20180104,,44.7,,27.8
20180105,,44.2,,27.1
20180106,,44.9,,27.2
20180107,,45.5,,27.4
20180108,,45.1,,26.7
20180109,,44.6,,27.4
20180110,,44.1,,26.7
20180111,,43.0,,26.4
20180112,,42.9,,26.1
20180113,,43.9,,26.6
20180114,,44.9,,27.2
20180115,,44.9,,26.9
20180116,,44.7,,27.9
20180117,,44.6,,27.6
20180118,,43.8,,27.5
20180119,,43.9,,27.3
20180120,,45.2,,28.0
20180121,,46.3,,28.7
20180122,,46.4,,28.4
20180123,,46.3,,29.3
20180124,,46.1,,28.8
20180125,,45.2,,28.6
20180126,,45.2,,28.2
20180127,,46.3,,28.6
20180128,,47.2,,29.0
20180129,,47.0,,28.3
20180130,,46.6,,28.9
20180131,,46.1,,28.1
20180201,,44.9,,27.5
20180202,,44.6,,26.8
20180203,,45.3,,26.9
20180204,,45.9,,27.0
20180205,,45.5,,26.1
20180206,,44.9,,26.6
20180207,,44.2,,25.7
20180208,,42.8,,25.0
20180209,,42.4,,24.3
